{
"match": [

],
"team": {

"ARSENAL":[

],
"Barcelona":[

],
"BORDEAUX":[
"Paweł Bigos",
"Sebastian Celej",
"Michał Ćwiliński",
"Kamil Gójski",
"Tomasz Jakubowski",
"Łukasz Jakubowski",
"Przemek Krasuski",
"Tomasz Mulawa",
"Dominik Myszkowski",
"Kamil Paluszewski",
"Adrian Pruczkowski",
"Piotr Szurmak",
"Adrian Zabłocki",
"Karol Żero",
"Robert Żero",
"Michał Zientala",
"Kamil Zyśk"
],
"FC PROSKOWO":[
"Wojciech Czaplarski",
"Wojciech Jankowski",
"Marcin Kozaczuk",
"Przemysław Kubera",
"Michał Kurowski",
"Dominik Kwiatkowski",
"Adam Olewniczak",
"Krzysztof Protasiuk",
"Kamil Rutka",
"Michał Sęp",
"Cezary Śmietanka",
"Marcin Stępień",
"Tomasz Szymaszek",
"Łukasz Wąsewicz",
"Paweł Wojciechowski",
"Rafał Wojciechowski",
"Kamil Ziółkowski"
],
"FC Żbików":[
"Kamil Biliński",
"Rafał Czyż",
"Rafał Deczewski",
"Norbert Dobski",
"Marcin Jurek",
"Daniel Lach",
"Maciej Makowski",
"Kamil Modrzejewski",
"Artur Paluszkiewicz",
"Kamil Steczkowski",
"Szymon Wiśniewski",
"Andrzej Zimoch"
],
"JAREX":[
"Kamil Bucholc",
"Marcin Kacprzak",
"Damian Karpiński",
"Mariusz Kita",
"Dominik Knap",
"Gabriel Kobacki",
"Hubert Koms",
"Paweł Kruk",
"Oskar Kurowski",
"Piotr Orman",
"Łukasz Ponder",
"Kacper Sandwicki",
"Adam Trojan",
"Piotr Wojtasik"
],
"Lyon":[
"Marcin Bieniecki",
"Dariusz Bylinka",
"Kamil Dąbrowski",
"Sebastian Dumała",
"Cezary Janiszewski",
"Marcin Kołodziej",
"Karol Kurzawa",
"Piotr Kurzawa",
"Jarosław Kłażyński",
"Mariusz Lisiowski",
"Kamil Mońko",
"Michał Śpiewak",
"Dominik Stawski"
],
"Manchester":[
"Mateusz Bednarczyk",
"Paweł Curyl",
"Łukasz Curyl",
"Piotr Garnecki",
"Bartosz Iwanowski",
"Piotr Kierzkowski",
"Karol Lenartowicz",
"Adam Michalak",
"Sebastian Nerwiński",
"Karol Piekut",
"Adam Pietruczuk",
"Michał Podsiadłowski",
"Dominik Pytkowski",
"Tomek Sionek",
"Grzegorz Szoka",
"Andrzej Włodarski"
],
"Mantika":[
"Marcin Boroń",
"Rafał Boroń",
"Bartłomiej Brzozowski",
"Michał Gipsiak",
"Piotr Gipsiak",
"Łukasz Gradkowski",
"Mateusz Kamiński",
"Michał Kamiński",
"Eryk Kozik",
"Adrian Piotrowski",
"Marcin Sandomirski",
"Mateusz Sielski",
"Piotr Szurgot",
"Adam Wilk",
"Przemysław Prętkiewicz"
],
"Mega Meble":[
"Emil Adamczuk",
"Marek Dam",
"Jacek Dobrowolski",
"Kamil Górski",
"Konrad Górski",
"Emil Kowalczyk",
"Bartek Kwiatkowski",
"Marcel Orłowski",
"Maciek Ostrowski",
"Michał Papierz",
"Paweł Radzikowski",
"Robert Świercz",
"Michał Tarczyk",
"Mateusz Zasadzki",
"Michał Zieliński"
],
"OSTOJA":[
"Grzegorz Brećko",
"Adrian Chojecki",
"Kasjan Furczak",
"Piotr Gudelski",
"Mariusz Jóźwiak",
"Ludomir Kalukiewicz",
"Kamil Komorowski",
"Jarosław Konopka",
"Daniel Kowalski",
"Marek Kuratowski",
"Damian Skirski",
"Paweł Żywiecki"
],
"Piero":[
"Adam Bandysiak",
"Kamil Besiński",
"Rafał Boryń",
"Rafał Chmiel",
"Bartłomiej Cylc",
"Konrad Czerny",
"Krzysztof Czerny",
"Marek Fojut",
"Piotr Kuchta",
"Rafał Milner",
"Jakub Plebaniak",
"Daniel Popielarz",
"Kamil Popławski",
"Mateusz Sztyk",
"Piotr Sztyk",
"Marcin Szumski"
],
"RAKI CZERWONIAKI":[
"Emil Balcerzak",
"Bartłomiej Bogdewicz",
"Przemysław Bogdewicz",
"Adam Furmankiewicz",
"Alan Gajda",
"Michał Garczyński",
"Konrad Korzonkowski",
"Dariusz Kostrzewa",
"Mateusz Kucharski",
"Jan Kulesza",
"Szymon Litwin",
"Maciej Liwiński",
"Szymon Pikulski",
"Emil Wittstock",
"Mateusz Zbroja"
],
"REAL":[
"Jacek Bałtyn",
"Damian Fabisiak",
"Piotr Gajewski_",
"Łukasz Kierzkowski",
"Przemek Kilanowki",
"Sebastian Kloc",
"Kamil Komosa",
"Patryk Maj",
"Piotr Olejnik",
"Mikołaj Piwowarski",
"Maciej Sobczyk",
"Krystian Szkiela",
"Adam Tokarski",
"Dariusz Tokarski"
],
"SOKÓŁ":[
"Paweł Banasiak",
"Paweł Baran",
"Rafał Dębek",
"Patryk Fabisiak",
"Marcin Firlej",
"Adrian Krupowicz",
"Kamil Książek",
"Dominik Lepa",
"Jakub Obsowski",
"Patryk Olszański",
"Sebastian Prażmo",
"Kamil Szeląg",
"Krzysztof Waleka",
"Krzysztof Włodarski",
"Sebastian Zdulski"
],
"Sznajder":[
"Rafał Biedź",
"Janusz Chodowski",
"Łukasz Chodowski",
"Dominik Czubek",
"Tomasz Drzał",
"MArcin Grabowski",
"Adrian Jakubowski",
"Mariusz Rogowski",
"Krzysztof Skoneczny",
"Marcin Stachowicz",
"Artur Wiśniewski",
"Michał Wudarczyk",
"Tomasz Łata"
],
"THE GUNNERS":[
"Adam Czarnecki",
"Maurycy Deske",
"Łukasz Gomułka",
"Bartek Głownia",
"Karol Kowalski",
"Michał Krawczyk",
"Marek Luszczewski",
"Cezary Panek",
"Marek Pochadajło",
"Michał Siewierski",
"Mariusz Święciński",
"Paweł Świercz",
"Daniel Waliszewski",
"Marek Waliszewski",
"Piotr Wielgus",
"Karol Zakrzewski"
],
"VIAGRA":[
"Temuri Bagakashuili",
"Krzysztof Dziurdziak",
"Rafał Dziurdziak",
"Andrzej Gajewski",
"Piotr Gajewski",
"Adam Kantayev",
"Krzysztof Kotlarski",
"Tomasz Kowalski",
"Dariusz Pośpiech",
"Filip Przybysz",
"Paweł Sawicki",
"Maciej Stokowski",
"Marek Szerociński",
"Radosław Szuligowski",
"Tomasz Szymański",
"Sławek Woźniak"
],
"WPR UNITED":[
"Mateusz Bąkowski",
"Maciej Ciesielski",
"Maciej Gutowski",
"Mateusz Krajewski",
"Bartosz Krauze",
"Michał Maliszewski",
"Janer Masny",
"Michał Mirosławski",
"Grzegorz Odolski",
"Łukasz Powierża",
"Paweł Sękowski",
"Daniel Stępień",
"Dominik Szymański",
"Marcin Tadzik",
"Arian Urban",
"Kamil Więch",
"Łukasz Wieczorek",
"Miłosz Wójcicki"
],
"ŻBIKI":[
"Bartłomiej Basiak",
"Dariusz Basiak",
"Karol Biskup",
"Paweł Biskup",
"Piotr Biskup",
"Tomasz Brzuska",
"Filip Błoński",
"Maciej Błoński",
"Grzegorz Ciesielski",
"Piotr Czechowski",
"Krzysztof Gipsiak",
"Kacper Grabowski",
"Sebastian Gudelski",
"Dawid Kowalski",
"Zdzisław Raciborski",
"Leszek Zarzycki"
]

}
}