{
    "team":{
        "MANTIKA": [
            "Marcin Boroń",
            "Rafał Boroń",
            "Bartłomiej Brzozowski",
            "Michał Gipsiak",
            "Piotr Gipsiak",
            "Łukasz Gradkowski",
            "Mateusz Kamiński",
            "Michał Kamiński",
            "Eryk Kozik",
            "Adrian Piotrowski",
            "Przemysław Prętkiewicz",
            "Marcin Sandomirski",
            "Mateusz Sielski",
            "Piotr Szurgot",
            "Adam Wilk",
            "INNY",
            "SAMOBÓJ"
        ],
        "MEGAMEBLE": [
            "Emil Adamczuk",
            "Marek Dam",
            "Jacek Dobrowolski",
            "Kamil Górski",
            "Konrad Górski",
            "Emil Kowalczyk",
            "Bartek Kwiatkowski",
            "Marcel Orłowski",
            "Maciek Ostrowski",
            "Michał Papierz",
            "Paweł Radzikowski",
            "Robert Świercz",
            "Michał Tarczyk",
            "Mateusz Zasadzki",
            "Michał Zieliński",
            "INNY",
            "SAMOBÓJ"
        ],
        "OSTOJA": [
            "Grzegorz Brećko",
            "Adrian Chojecki",
            "Kasjan Furczak",
            "Mariusz Jóźwiak",
            "Ludomir Kalukiewicz",
            "Kamil Komorowski",
            "Daniel Kowalski",
            "Marek Kuratowski",
            "Damian Skirski",
            "Tomasz Żaczkiewicz",
            "Paweł Żywiecki",
            "Jarosław konopka",
            "INNY",
            "SAMOBÓJ"
        ],
        "REAL": [
            "Jacek Bałtyn",
            "Damian Fabisiak",
            "Łukasz Kierzkowski",
            "Przemek Kilanowki",
            "Sebastian Kloc",
            "Piotr Olejnik",
            "Mikołaj Piwowarski",
            "Maciej Sobczyk",
            "Krystian Szkiela",
            "Adam Tokarski",
            "Dariusz Tokarski",
            "INNY",
            "SAMOBÓJ"
        ],
        "SZNAJDER": [
            "Rafał Biedź",
            "Janusz Chodowski",
            "Łukasz Chodowski",
            "Dominik Czubek",
            "Tomasz Drzał",
            "MArcin Grabowski",
            "Adrian Jakubowski",
            "Mariusz Rogowski",
            "Krzysztof Skoneczny",
            "Marcin Stachowicz",
            "Artur Wiśniewski",
            "Michał Wudarczyk",
            "INNY",
            "SAMOBÓJ"
        ],
        "VIAGRA": [
            "Temuri Bagakashuili",
            "Krzysztof Dziurdziak",
            "Rafał Dziurdziak",
            "Andrzej Gajewski",
            "Piotr Gajewski",
            "Adam Kantayev",
            "Krzysztof Kotlarski",
            "Tomasz Kowalski",
            "Dariusz Pośpiech",
            "Filip Przybysz",
            "Paweł Sawicki",
            "Marek Szerociński",
            "Radosław Szuligowski",
            "Tomasz Szymański",
            "Sławek Woźniak",
            "INNY",
            "SAMOBÓJ"
        ],
       "PIERO": [
            "Adam Bandysiak",
            "Kamil Besiński",
            "Rafał Boryń",
            "Rafał Chmiel",
            "Bartłomiej Cylc",
            "Konrad Czerny",
            "Krzysztof Czerny",
            "Marek Fojut",
            "Piotr Kuchta",
            "Rafał Milner",
            "Jakub Plebaniak",
            "Daniel Popielarz",
            "Kamil Popławski",
            "Mateusz Sztyk",
            "Piotr Sztyk",
            "Marcin Szumski",
            "INNY",
            "SAMOBÓJ"
        ],
       "JAREX": [
            "Kamil Bucholc",
            "Marcin Kacprzak",
            "Damian Karpiński",
            "Mariusz Kita",
            "Dominik Knap",
            "Gabriel Kobacki",
            "Hubert Koms",
            "Paweł Kruk",
            "Oskar Kurowski",
            "Piotr Orman",
            "Łukasz Ponder",
            "Kacper Sandwicki",
            "Adam Trojan",
            "Piotr Wojtasik",
            "INNY",
            "SAMOBÓJ"
        ]
    }
    }